text,label
"Terrible cinematography and boring storyline",0
"An absolute masterpiece of modern cinema",1
"Worst film I've seen this year, complete waste of time",0
"The cast delivered brilliant performances",1
"Poor direction and confusing script",0
"Visual effects were stunning and immersive",1
"Unbearably bad dialogue and pacing",0
"Emotional and thought-provoking, highly recommended",1
"Predictable plot with no originality",0
"Excellent character development throughout",1
"Technical flaws ruin the viewing experience",0
"Perfect family entertainment with heart",1
"Awful editing makes it hard to follow",0
"One of the best films of the decade",1
"Failed to live up to the hype",0
"Powerful soundtrack enhances every scene",1
"Wooden acting from the entire cast",0
"Creative storytelling at its finest",1
"Generic Hollywood formula with no soul",0
"This movie is an absolute masterpiece with brilliant acting",1
"A waste of time with terrible pacing and awful dialogue",0
"Visually stunning and emotionally captivating from start to finish",1
"The plot makes no sense and the characters are unbearable",0
"Perfect cinematography combined with a powerful soundtrack",1
"I couldn't find a single redeeming quality in this film",0
"The director's best work yet with Oscar-worthy performances",1
"Painfully boring with cringe-worthy special effects",0
"An instant classic that will stand the test of time",1
"The script feels like it was written by a middle schooler",0
"Flawless character development and unforgettable scenes",1
"Technical disasters ruin what could have been decent",0
"Left the theater feeling inspired and emotionally moved",1
"Wanted to walk out after the first 20 minutes",0
"Perfect balance of humor and heart with amazing visuals",1
"Worst adaptation I've ever seen of any source material",0
"The lead actor delivers a career-defining performance",1
"Unoriginal plot stolen from better movies",0
"Masterful storytelling with perfect pacing",1
"Dialogue so bad it became unintentionally funny",0
"Best film of the decade in its genre",1
"Couldn't suspend disbelief for this ridiculous premise",0
"Every frame is beautifully composed like a painting",1
"Editing is so choppy it gives you a headache",0
"A thought-provoking exploration of human nature",1
"Shallow characters with zero development",0
"Had me on the edge of my seat the entire runtime",1
"Predictable from the first scene to the last",0
"Powerful message delivered with subtle brilliance",1
"Production values look cheaper than a TV commercial",0
"The ending left me speechless in the best way",1
"Cliché after cliché with no originality",0
"Supporting cast elevates the material wonderfully",1
"Sound mixing is so bad you can't hear dialogue",0
"Reinvents its genre with fresh creativity",1
"Fails to understand what made the original great",0
"Chemistry between leads is electrifying",1
"Special effects look like early 2000s CGI",0
"Will stay with me long after the credits rolled",1
"Pacing is slower than watching paint dry",0
"Expertly balances multiple storylines",1
"Contrived conflict that nobody would actually have",0
"Sets a new standard for visual storytelling",1
"Music score is distractingly bad",0
"Authentic representation of its subject matter",1
"Full of plot holes big enough to drive through",0
"Rewatch value is off the charts",1
"Wasted a talented cast on this mess",0
"Subtle details reward attentive viewers",1
"Tonal shifts are jarring and unearned",0
"Bold creative choices that all pay off",1
"Tries to be deep but comes off pretentious",0
"Every technical element is Oscar-worthy",1
"Action scenes are poorly choreographed",0
"Fresh take on familiar tropes",1
"Unfunny attempts at humor fall completely flat",0
"Complex themes handled with nuance",1
"Controversial just for shock value",0
"Shows what cinema is truly capable of",1
"Wasted potential of a great premise",0
"Perfect for fans of the genre",1
"Terrible child acting ruins key scenes",0
"Builds to a satisfying emotional climax",1
"Third act completely falls apart",0
"Exactly what I hoped it would be",1
"Marketing was better than the actual movie",0
"Sets up a promising franchise",1
"Sequel bait with no payoff",0
"Refreshingly original concept",1
"Rips off better films shamelessly",0
"Director's vision shines through clearly",1
"Studio interference is painfully obvious",0
"World-building is incredibly detailed",1
"Lore makes no internal sense",0
"Perfect date night movie",1
"Wouldn't watch again if you paid me",0
"Breathes new life into its genre",1
"Genre tropes executed poorly",0
"Showcases the power of practical effects",1
"Green screen is distractingly fake",0
"Exactly the right length",1
"Feels twice as long as it actually is",0
"Will appeal to both critics and audiences",1
"Panders to the lowest common denominator",0
"Touching portrayal of its subject",1
"Offensive stereotypes throughout",0
"Perfect balance of style and substance",1
"All style no substance",0
"Manages to be both fun and meaningful",1
"Takes itself way too seriously",0
"Best blockbuster of the year",1
"Cash grab with no soul",0
"Stays true to the source material",1
"Butchers the original story",0
"Exactly what the genre needed",1
"Proves the genre is stale",0
"Perfect family movie",1
"Not suitable for any audience",0
"Will stand up to repeat viewings",1
"Gets worse the more you think about it",0
"Director's passion project shines through",1
"Clearly made by committee",0
"Sets a new benchmark for quality",1
"Fails to meet basic standards",0
"Technical marvel in every department",1
"Can't even get the basics right",0
"Restores faith in modern cinema",1
"Everything wrong with Hollywood today",0
"Deserves all its award nominations",1
"Oscar bait that fails to deliver",0
"Will be studied in film schools",1
"Should be studied as what not to do",0
"Perfect execution of its concept",1
"Great idea ruined in execution",0
"Surpassed all my expectations",1
"Failed to meet even low expectations",0
"Instant addition to my top 10 list",1
"Wish I could unsee this",0
"Powerful social commentary",1
"Message is heavy-handed and preachy",0
"Perfect from first frame to last",1
"Not a single good creative choice",0